"","Fatigue","MonitoringScore","TrainingReadiness","AcuteLoad","ChronicLoad","AcuteChronicRatio"
"Fatigue",1,0.84633829500256,0.103677696268306,-0.139494809669295,-0.190673666538193,0.0982375939713667
"MonitoringScore",0.84633829500256,1,0.137225856873583,-0.167142703864709,-0.198125804073625,0.0841860143313125
"TrainingReadiness",0.103677696268306,0.137225856873583,1,0.116050885598425,0.117070056933352,0.0505857010638669
"AcuteLoad",-0.139494809669295,-0.167142703864709,0.116050885598425,1,0.532423909695313,0.368017346865815
"ChronicLoad",-0.190673666538193,-0.198125804073625,0.117070056933352,0.532423909695313,1,-0.414921377046349
"AcuteChronicRatio",0.0982375939713667,0.0841860143313125,0.0505857010638669,0.368017346865815,-0.414921377046349,1
